Country,Density(P/Km2),Abbreviation,Agricultural Land(%),Land Area(Km2),Armed Forces size,Birth Rate,Co2-Emissions,CPI,CPI Change (%),Fertility Rate,Forested Area (%),Gasoline Price,GDP,Gross primary education enrollment (%),Gross tertiary education enrollment (%),Infant mortality,Life expectancy,Maternal mortality ratio,Out of pocket health expenditure,Physicians per thousand,Population,Population: Labor force participation (%),Tax revenue (%),Total tax rate,Unemployment rate,Urban population,Latitude,Longitude,Median Salary,Code,Year,Daily calorie supply per person from other commodities,Daily calorie supply per person from alcoholic beverages,Daily calorie supply per person from sugar,Daily calorie supply per person from oils and fats,Daily calorie supply per person from meat,Daily calorie supply per person from dairy and eggs,Daily calorie supply per person from fruits and vegetables,Daily calorie supply per person from starchy roots,Daily calorie supply per person from pulses,Daily calorie supply per person from cereals and grains,Daily total caloric ingestion
Afghanistan,60.0,AF,58.1,652230.0,323000.0,32.49,8672.0,149.9,2.3,4.47,2.1,0.7,19101353833.0,104.0,9.7,47.9,64.5,638.0,78.4,0.28,38041754.0,48.9,9.3,71.4,11.12,9797273.0,33.93911,67.709953,853.74,AFG,2021,10.0,0.0,132.0,246.0,45.0,94.0,104.0,39.0,16.0,1512.0,2188.0
Albania,105.0,AL,43.1,28748.0,9000.0,11.78,4536.0,119.05,1.4,1.62,28.1,1.36,15278077447.0,107.0,55.0,7.8,78.5,15.0,56.9,1.2,2854191.0,55.7,18.6,36.6,12.33,1747593.0,41.153332,20.168331,832.84,ALB,2021,68.0,50.0,246.0,379.0,261.0,695.0,580.0,87.0,47.0,985.0,3330.0
Algeria,18.0,DZ,17.4,2381741.0,317000.0,24.28,150006.0,151.36,2.0,3.02,0.8,0.28,169988236398.0,109.9,51.4,20.1,76.7,112.0,28.1,1.72,43053054.0,41.2,37.2,66.1,11.7,31510100.0,28.033886,1.659626,1148.84,DZA,2021,27.000002,5.0000005,295.00003,616.00006,99.00001,276.00003,393.00006,109.000015,61.000008,1616.0001,3470.0003135
Andorra,164.0,AD,40.0,468.0,45891.30977311827,7.2,469.0,144.8797802419399,8.811619162989597,1.27,34.0,1.51,3154057987.0,106.4,52.571065058839736,2.7,84.04,-38.78146074437983,36.4,3.33,77142.0,62.61805956515817,19.248344763067863,39.426856796443154,6.042133971703614,67873.0,42.506285,1.521801,3668.08,,2021,68.0,191.0,425.0,876.0,375.0,522.0,221.0,113.0,13.0,816.0,3552.0
Angola,26.0,AO,47.5,1246700.0,117000.0,40.73,34693.0,261.73,17.1,5.52,46.3,0.97,94635415870.0,113.5,9.3,51.6,60.8,241.0,33.4,0.21,31825295.0,77.5,9.2,49.1,6.89,21061025.0,-11.202692,17.873887,284.39,AGO,2021,14.999997,72.999985,131.99997,313.99994,126.99998,15.999997,128.99997,809.9999,66.999985,704.9999,2372.999627
Antigua and Barbuda,223.0,AG,20.5,443.0,0.0,15.33,557.0,113.81,1.2,1.99,22.3,0.99,1727759259.0,105.0,24.8,5.0,76.9,42.0,24.3,2.76,97118.0,63.316599012189755,16.5,43.0,6.822770612497186,23800.0,17.060816,-61.796428,1548.15,ATG,2021,66.99353,126.98774,264.97443,418.95956,437.9577,198.9808,211.97954,51.99498,4.9995174,622.9399,2339.7741674
Argentina,17.0,AR,54.3,2780400.0,105000.0,17.02,201348.0,232.75,53.5,2.26,9.8,1.1,449663446954.0,109.7,90.0,8.8,76.5,39.0,17.6,3.96,44938712.0,61.3,10.1,106.3,9.79,41339571.0,-38.416097,-63.616672,110.28,ARG,2021,58.999992,110.999985,381.99994,591.99994,577.99994,325.99997,144.99997,89.999985,75.99999,980.9999,3280.99962
Armenia,104.0,AM,58.9,29743.0,49000.0,13.99,5156.0,129.18,1.4,1.76,11.7,0.77,13672802158.0,92.7,54.6,11.0,74.9,26.0,81.6,4.4,2957731.0,55.6,20.9,22.6,16.99,1869848.0,40.069099,45.038189,1700.25,ARM,2021,99.99996,28.999989,306.99988,439.99982,313.99988,468.99982,300.99988,119.999954,25.99999,1111.9996,3117.998813
Australia,3.0,AU,48.2,7741220.0,58000.0,12.6,375908.0,119.8,1.6,1.74,16.3,0.93,1392680589329.0,100.3,113.1,3.1,82.7,6.0,19.6,3.68,25766605.0,65.5,23.0,47.4,5.27,21844756.0,-25.274398,133.775136,4306.45,AUS,2021,105.999985,210.99997,418.99994,779.9999,481.99994,400.99994,185.99997,97.999985,80.999985,689.9999,3347.99953
Austria,109.0,AT,32.4,83871.0,21000.0,9.7,61448.0,118.06,1.5,1.47,46.9,1.2,446314739528.0,103.1,85.1,2.9,81.6,5.0,17.9,5.17,8877067.0,60.7,25.4,51.4,4.67,5194416.0,47.516231,14.550072,3572.94,AUT,2021,36.999977,206.99986,371.99976,1177.9993,352.99976,446.9997,208.99985,89.99994,15.9999895,907.9994,3779.9975594999996
Azerbaijan,123.0,AZ,57.7,86600.0,82000.0,14.0,37620.0,156.32,2.6,1.73,14.1,0.56,39207000000.0,99.7,27.7,19.2,72.9,26.0,78.6,3.45,10023318.0,66.5,13.0,40.7,5.51,5616165.0,40.143105,47.576927,1558.82,AZE,2021,66.999985,169.99997,253.99995,432.99994,187.99997,314.99994,252.99997,144.99997,6.9999986,1549.9998,3314.9995086
The Bahamas,39.0,BS,1.4,13880.0,1000.0,13.97,1786.0,116.22,2.5,1.75,51.4,0.92,12827000000.0,81.4,15.1,8.3,73.8,70.0,27.8,1.94,389482.0,74.6,14.8,33.8,10.36,323784.0,25.03428,-77.39628,3541.0,BHS,2021,165.99593,125.99691,289.9929,388.99048,533.98694,185.99544,251.99382,33.99917,1.999951,593.9855,2406.941111
Bahrain,2239.0,BH,11.1,765.0,19000.0,13.99,31694.0,117.59,2.1,1.99,0.8,0.43,38574069149.0,99.4,50.5,6.1,77.2,14.0,25.1,0.93,1501635.0,73.4,4.2,13.8,0.71,1467109.0,26.0667,50.5577,3617.02,BHR,2021,142.00038,35.000095,476.0013,744.0021,404.0011,213.0006,270.00073,63.00017,56.000153,1087.0029,3348.009148
Bangladesh,1265.0,BD,70.6,148460.0,221000.0,18.18,84246.0,179.68,5.6,2.04,11.0,1.12,302571254131.0,116.5,20.6,25.1,72.3,173.0,71.8,0.58,167310838.0,59.0,8.8,33.4,4.19,60987417.0,23.684994,90.356331,218.57,BGD,2021,42.000004,0.0,83.00001,204.00002,70.00001,55.000004,94.00001,91.00001,84.00001,1889.0001,2570.0001740000002
Barbados,668.0,BB,23.3,430.0,1000.0,10.65,1276.0,134.09,4.1,1.62,14.7,1.81,5209000000.0,99.4,65.4,11.3,79.1,27.0,45.2,2.48,287025.0,65.2,27.5,35.6,10.33,89431.0,13.193887,-59.543198,1395.0,BRB,2021,172.99756,82.998825,536.9924,511.99274,434.99384,223.99683,183.99739,111.99841,57.999176,855.98785,3000.957461
Belarus,47.0,BY,42.0,207600.0,155000.0,9.9,58280.0,149.56200209171334,5.6,1.45,42.6,0.6,63080457023.0,100.5,87.4,2.6,74.2,2.0,34.5,5.19,9466856.0,64.1,14.7,53.3,4.59,7482982.0,53.709807,27.953389,849.5,BLR,2021,90.999985,197.99995,390.9999,599.9999,420.9999,357.99994,205.99995,273.99994,8.999998,770.9998,3227.9992780000002
Belgium,383.0,BE,44.6,30528.0,32000.0,10.3,96889.0,117.11,1.4,1.62,22.6,1.43,529606710418.0,103.9,79.7,2.9,81.6,5.0,17.6,3.07,11484055.0,53.6,24.0,55.4,5.59,11259082.0,50.503887,4.469936,5729.39,BEL,2021,71.00002,163.00006,491.00015,1125.0004,298.0001,507.00018,277.0001,164.00006,48.000015,749.00024,3822.001305
Belize,17.0,BZ,7.0,22966.0,2000.0,20.79,568.0,105.68,-0.9,2.31,59.7,1.13,1879613600.0,111.7,24.7,11.2,74.5,36.0,22.7,1.12,390353.0,65.1,26.3,31.1,6.41,179039.0,17.189877,-88.49765,1730.0,BLZ,2021,129.99773,105.998146,349.99387,502.9912,313.9945,230.99597,88.99844,51.99909,37.999336,1036.9818,2719.9523520000002
Benin,108.0,BJ,33.3,112622.0,12000.0,36.22,6476.0,110.71,-0.9,4.84,37.8,0.72,14390709095.0,122.0,12.3,60.5,61.5,397.0,40.5,0.08,11801151.0,70.9,10.8,48.9,2.23,5648149.0,9.30769,2.315834,488.25,BEN,2021,100.99999,75.0,85.99999,458.0,94.0,20.0,86.0,726.99994,85.99999,1033.0,2664.99992
Bhutan,20.0,BT,13.6,38394.0,6000.0,17.26,1261.0,167.18,2.7,1.98,72.5,0.98,2446674101.0,100.1,15.6,24.8,71.5,183.0,19.8,0.42,727145.0,66.7,16.0,35.3,2.34,317538.0,27.514162,90.433601,407.26,BTN,2021,118.99847,81.99895,144.99814,376.99512,76.99901,308.99603,75.99902,127.99835,64.99916,1863.976,3122.95978
Bolivia,11.0,BO,34.8,1098581.0,71000.0,21.75,21606.0,148.32,1.8,2.73,50.3,0.71,40895322865.0,98.2,35.3378128468232,21.8,71.2,155.0,25.9,1.59,11513100.0,71.8,17.0,83.7,3.5,8033035.0,-16.290154,-63.588653,1131.5,BOL,2021,39.999985,41.999985,275.9999,197.99994,337.99988,97.99997,159.99994,216.99992,42.999985,948.99963,2320.99915
Bosnia and Herzegovina,64.0,BA,43.1,51197.0,11000.0,8.11,21848.0,104.9,0.6,1.27,42.7,1.05,20047848435.0,101.94298101669821,23.3,5.0,77.3,10.0,28.6,2.16,3301000.0,46.4,20.4,23.7,18.42,1605144.0,43.915886,17.679076,1151.35,BIH,2021,190.99953,207.99948,252.99937,338.99915,242.99939,314.99924,342.99915,151.99962,66.99983,1258.997,3178.9922300000003
Botswana,4.0,BW,45.6,581730.0,9000.0,24.82,6340.0,149.75,2.8,2.87,18.9,0.71,18340510789.0,103.2,24.9,30.0,69.3,144.0,5.3,0.37,2346179.0,70.8,19.5,25.1,18.19,1616550.0,-22.328474,24.684866,729.39,BWA,2021,102.99984,174.99973,250.9996,354.99945,121.99981,285.99954,88.99986,113.99982,29.999952,1080.9983,2502.996062
Brazil,25.0,BR,33.9,8515770.0,730000.0,13.92,462299.0,167.4,3.7,1.73,58.9,1.02,1839758040766.0,115.4,51.3,12.8,75.7,60.0,28.3,2.15,212559417.0,63.9,14.2,65.1,12.08,183241641.0,-14.235004,-51.92528,1490.04,BRA,2021,24.0,96.0,377.0,736.0,438.0,326.0,160.0,128.0,107.0,908.0,3276.0
Brunei,83.0,BN,2.7,5765.0,8000.0,14.9,7664.0,99.03,-0.4,1.85,72.1,0.37,13469422941.0,103.2,31.4,9.8,75.7,31.0,6.0,1.61,433285.0,64.7,17.905486100349805,8.0,9.12,337711.0,4.535277,114.727669,2110.29,,2021,40.0,43.0,288.0,433.0,217.0,72.0,171.0,118.0,23.0,1498.0,2863.0
Bulgaria,64.0,BG,46.3,110879.0,31000.0,8.9,41708.0,114.42,3.1,1.56,35.4,1.11,86000000000.0,89.3,71.0,5.9,74.9,10.0,47.7,4.03,6975761.0,55.4,20.2,28.3,4.34,5256027.0,42.733883,25.48583,1605.41,BGR,2021,55.00005,134.00012,263.00024,691.0006,277.00024,326.00027,166.00015,45.00004,16.000013,978.00085,2896.002523
Burkina Faso,76.0,BF,44.2,274200.0,11000.0,37.93,3418.0,106.58,-3.2,5.19,19.3,0.98,15745810235.0,96.1,6.5,49.0,61.2,320.0,36.1,0.08,20321378.0,66.4,15.0,41.3,6.26,6092349.0,12.238333,-1.561593,485.02,BFA,2021,43.99998,62.99997,49.999977,389.99982,194.99991,45.999977,103.999954,24.999989,224.9999,1518.9993,2616.998797
Burundi,463.0,BI,79.2,27830.0,31000.0,39.01,495.0,182.11,-0.7,5.41,10.9,1.21,3012334882.0,121.4,6.1,41.0,61.2,548.0,19.1,0.1,11530580.0,79.2,13.6,41.2,1.43,1541177.0,-3.373056,29.918886,384.78,BDI,2021,3.9999983,38.999985,54.999977,66.99997,22.99999,11.999995,160.99992,847.99963,252.9999,313.99988,1771.999247
Ivory Coast,83.0,CI,64.8,322463.0,27000.0,35.74,9674.0,111.61,-0.9,4.65,32.7,0.93,58792205642.0,99.8,9.3,59.4,57.4,617.0,36.0,0.23,25716544.0,57.0,11.8,50.1,3.32,13176900.0,7.539989,-5.54708,497.91,CIV,2021,95.0,26.0,110.0,319.0,94.0,19.0,185.0,935.0,15.0,1119.0,2822.0
Cape Verde,138.0,CV,19.6,4033.0,1000.0,19.49,543.0,110.5,1.1,2.27,22.5,1.02,1981845741.0,104.0,23.6,16.7,72.8,58.0,23.2,0.77,483628.0,60.5,20.1,37.5,12.25,364029.0,16.5388,-23.0418,1706.29,CPV,2021,75.997925,55.998474,187.99487,378.98965,190.9948,175.9952,109.99701,69.99809,98.9973,1293.9647,2562.930094
Cambodia,95.0,KH,30.9,181035.0,191000.0,22.46,9919.0,127.63,2.5,2.5,52.9,0.9,27089389787.0,107.4,13.7,24.0,69.6,160.0,59.4,0.17,16486542.0,82.3,17.1,23.1,0.68,3924621.0,12.565679,104.990963,745.19,KHM,2021,25.999983,85.99994,366.99976,226.99983,166.99988,13.99999,40.999973,325.9998,38.999973,1515.9989,2782.9980459999997
Cameroon,56.0,CM,20.6,475440.0,24000.0,35.39,8291.0,118.65,2.5,4.57,39.3,1.03,38760467033.0,103.4,12.8,50.6,58.9,529.0,69.7,0.09,25876380.0,76.1,12.8,57.7,3.38,14741256.0,7.369722,12.354722,633.27,CMR,2021,25.999998,74.0,114.99999,368.99997,102.0,29.999998,274.0,485.99997,160.0,1171.0,2780.999928
Canada,4.0,CA,6.9,9984670.0,72000.0,10.1,544894.0,116.76,1.9,1.5,38.2,0.81,1736425629520.0,100.9,68.9,4.3,81.9,10.0,14.6,2.61,36991981.0,65.1,12.8,24.5,5.56,30628482.0,56.130366,-106.346771,6311.03,CAN,2021,66.0,90.0,432.0,1047.0,371.0,306.0,215.0,148.0,60.0,852.0,3521.0
Central African Republic,8.0,CF,8.2,622984.0,8000.0,35.35,297.0,186.86,37.1,4.72,35.6,1.41,2220307369.0,102.0,3.0,84.5,52.8,829.0,39.6,0.06,4745185.0,72.0,8.6,73.3,3.68,1982064.0,6.611111,20.939444,621.99,CAF,2021,12.999964,16.999952,76.99979,397.9989,185.99948,24.999931,87.999756,612.9983,79.99978,283.9992,1767.995089
Chad,13.0,TD,39.7,1284000.0,35000.0,42.17,1016.0,117.7,-1.0,5.75,3.8,0.78,11314951343.0,86.8,3.3,71.4,54.0,1140.0,56.4,0.04,15946876.0,70.7,15.01708638473801,63.5,1.89,3712273.0,15.454166,18.732207,707.39,TCD,2021,26.999994,4.999999,97.99998,383.9999,267.99994,48.99999,17.999996,112.99998,87.99998,1153.9998,2176.999565
Chile,26.0,CL,21.2,756096.0,122000.0,12.43,85822.0,131.91,2.6,1.65,24.3,1.03,282318159745.0,101.4,88.5,6.2,80.0,13.0,32.2,2.59,18952038.0,62.6,18.2,34.0,7.09,16610135.0,-35.675147,-71.542969,1890.4,CHL,2021,65.000015,135.00003,439.00012,375.00012,461.00012,229.00006,178.00005,91.00002,27.000008,1129.0004,3064.0009279999995
China,153.0,CN,56.2,9596960.0,2695000.0,10.9,9893038.0,125.08,2.9,1.69,22.4,0.96,19910000000000.0,100.2,50.6,7.4,77.0,29.0,32.4,1.98,1397715000.0,68.0,9.4,59.2,4.32,842933962.0,35.86166,104.195397,3684.93,CHN,2021,39.0,94.0,78.0,433.0,413.0,145.0,443.0,138.0,16.0,1607.0,3367.0
Colombia,46.0,CO,40.3,1138910.0,481000.0,14.88,97814.0,140.95,3.5,1.81,52.7,0.68,323802808108.0,114.5,55.3,12.2,77.1,83.0,18.3,2.18,50339443.0,68.8,14.4,71.2,9.71,40827302.0,4.570868,-74.297333,995.6,COL,2021,27.0,76.0,577.0,454.0,300.0,260.0,268.0,163.0,47.0,918.0,3063.0
Comoros,467.0,KM,71.5,2235.0,47581.78221935678,31.88,202.0,103.62,-4.3,4.21,19.7,1.06413806239953,1185728677.0,99.5,9.0,51.3,64.1,273.0,74.8,0.27,850886.0,43.3,16.2179569784216,219.6,4.34,248152.0,-11.6455,43.3333,567.21,COM,2021,51.99987,3.9999902,122.9997,409.999,167.99959,62.999847,200.99951,352.99915,105.99974,985.9976,2413.9941272
Republic of the Congo,16.0,CG,31.1,342000.0,12000.0,32.86,3282.0,124.74,2.2,4.43,65.4,0.97,10820591131.0,106.6,12.7,36.2,64.3,378.0,43.8,0.12,5380508.0,69.4,9.0,54.3,9.47,3625010.0,-0.228021,15.827659,1058.67,COG,2021,45.99997,69.999954,97.99993,333.99976,221.99985,13.99999,85.99994,813.99945,23.999985,485.99966,2147.9985189999998
Costa Rica,100.0,CR,34.5,51100.0,10000.0,13.97,8023.0,128.85,2.1,1.75,54.6,0.98,61773944174.0,113.3,55.2,7.6,80.1,27.0,21.5,2.89,5047561.0,62.1,13.6,58.3,11.85,4041885.0,9.748917,-83.753428,4016.06,CRI,2021,32.000008,122.00002,444.0001,525.00006,287.00006,379.00006,111.00002,32.000008,85.000015,972.0002,2957.000543
Croatia,73.0,HR,27.6,56594.0,18000.0,9.0,17488.0,109.82,0.8,1.47,34.4,1.26,60415553039.0,96.5,67.9,4.0,78.1,8.0,15.2,3.0,4067500.0,51.2,22.0,20.5,6.93,2328318.0,45.1,15.2,1935.48,HRV,2021,97.000015,185.00005,373.0001,654.0001,411.0001,347.00006,260.00006,65.000015,11.000003,856.0002,3162.0006879999996
Cuba,106.0,CU,59.9,110860.0,76000.0,10.17,28284.0,152.61027071509363,6.911871280132034,1.62,31.3,1.4,100023000000.0,101.9,41.4,3.7,78.7,36.0,34.03462736604354,8.42,11333483.0,53.6,16.543651630153466,41.12369237572931,1.64,8739135.0,21.521757,-77.781167,783.33,CUB,2021,14.999996,152.99995,508.99988,563.9998,236.99994,138.99997,245.99994,208.99994,116.99997,1227.9996,3401.99899
Cyprus,131.0,CY,12.2,9251.0,16000.0,10.46,6626.0,102.51,0.3,1.33,18.7,1.23,24564647935.0,99.3,75.9,1.9,80.8,6.0,43.9,1.95,1198575.0,63.1,24.5,22.4,7.27,800708.0,35.126413,33.429859,1976.74,CYP,2021,146.99965,95.99976,239.9994,517.9987,345.99915,387.99905,167.99959,38.999905,23.99994,1077.9973,2896.992795
Czech Republic,139.0,CZ,45.2,78867.0,23000.0,10.7,102218.0,116.48,2.8,1.69,34.6,1.17,246489245495.0,100.7,64.1,2.7,79.0,3.0,14.8,4.12,10669709.0,60.6,14.9,46.1,1.93,7887156.0,49.817492,15.472962,2310.03,CZE,2021,88.000015,319.00006,383.00006,928.0002,353.00006,362.00006,172.00003,108.00002,24.000004,666.0001,3315.000594
Democratic Republic of the Congo,40.0,CD,11.6,2344858.0,134000.0,41.18,2021.0,133.85,2.9,5.92,67.2,1.49,47319624204.0,108.0,6.6,68.2,60.4,473.0,37.4,0.07,86790567.0,63.5,10.7,50.7,4.24,39095679.0,-4.038333,21.758664,170.39,COD,2021,10.0,12.0,27.0,160.0,21.0,1.0,114.0,1405.0,32.0,315.0,2087.0
Denmark,137.0,DK,62.0,43094.0,15000.0,10.6,31786.0,110.35,0.8,1.73,14.7,1.55,348078018464.0,101.3,80.6,3.6,81.0,4.0,13.7,4.01,5818553.0,62.2,32.4,23.8,4.91,5119978.0,56.26392,9.501785,5084.99,DNK,2021,111.999886,171.99983,479.99954,705.99927,362.99963,615.9994,201.9998,119.999886,13.999987,797.9992,3470.996543
Djibouti,43.0,DJ,73.4,23200.0,13000.0,21.47,620.0,120.25,3.3,2.73,0.2,1.32,3318716359.0,75.3,5.3,49.8,66.6,248.0,20.4,0.22,973560.0,60.2,17.08314279599735,37.9,10.3,758549.0,11.825138,42.590275,1378.57,DJI,2021,104.99982,8.999984,372.99936,418.99927,78.99986,143.99974,122.99979,47.999916,141.99976,1370.9976,2707.99528
Dominica,96.0,DM,33.3,751.0,45874.33239991972,12.0,180.0,103.87,1.0,1.9,57.4,1.0140936820740092,596033333.0,114.7,7.2,32.9,76.6,228.20769081211557,28.4,1.08,71808.0,62.58106686745394,22.1,32.6,7.157747961325935,50830.0,15.414999,-61.370976,496.3,DMA,2021,182.93686,104.96377,430.85126,207.92822,413.85715,225.92201,517.8213,336.8837,58.97964,503.82608,2801.03313
Dominican Republic,225.0,DO,48.7,48670.0,71000.0,19.51,25258.0,135.5,1.8,2.35,41.7,1.07,88941298258.0,105.7,59.9,24.1,73.9,95.0,43.7,1.56,10738958.0,64.3,13.0,48.8,5.84,8787475.0,18.735693,-70.162651,318.89,DOM,2021,36.999992,73.99998,404.9999,503.99988,232.99994,239.99994,628.9999,92.99998,87.99998,802.9998,3068.9993000000004
Ecuador,71.0,EC,22.2,283561.0,41000.0,19.72,41155.0,124.14,0.3,2.43,50.2,0.61,107435665000.0,103.3,44.9,12.2,76.8,59.0,43.7,2.04,17373662.0,68.0,16.799455748888196,34.4,3.97,11116711.0,-1.831239,-78.183406,1260.0,ECU,2021,30.000008,51.00001,255.00006,539.0001,231.00005,194.00005,117.00003,45.00001,21.000006,1100.0002,2553.000516
Egypt,103.0,EG,3.8,1001450.0,836000.0,26.38,238560.0,288.57,9.2,3.33,0.1,0.4,303175127598.0,106.3,35.2,18.1,71.8,37.0,62.0,0.45,100388073.0,46.4,12.5,44.4,10.76,42895824.0,26.820553,30.802498,254.53,EGY,2021,18.0,0.99999994,269.99997,269.99997,164.0,101.0,274.0,79.0,34.0,1915.9999,3108.99983994
El Salvador,313.0,SV,76.4,21041.0,42000.0,18.25,7169.0,111.23,0.1,2.04,12.6,0.83,27022640000.0,94.8,29.4,11.8,73.1,46.0,27.9,1.57,6453553.0,59.1,18.1,36.4,4.11,4694702.0,13.794185,-88.89653,1470.0,SLV,2021,46.00004,60.000046,337.00027,277.0002,196.00015,251.0002,194.00015,68.00005,164.00012,1197.001,2744.002186
Equatorial Guinea,50.0,GQ,10.1,28051.0,1000.0,33.24,5655.0,124.35,1.2,4.51,55.5,0.9946213945347868,11026774945.0,61.8,1.9,62.6,58.4,301.0,72.0,0.4,1355986.0,62.0,6.1,79.4,6.43,984812.0,1.650801,10.267895,671.94,,2021,16.0,34.0,71.0,253.0,90.0,14.0,132.0,991.0,62.0,599.0,2246.0
Eritrea,35.0,ER,75.2,117600.0,202000.0,30.3,711.0,155.71792151980506,10.019903481220371,4.06,14.9,2.0,2065001626.0,68.4,3.4,31.3,65.9,480.0,52.4,0.06,6333135.0,78.4,16.080192846014334,83.7,5.14,1149670.0,15.179384,39.782334,402.0,,2021,20.0,31.0,128.0,270.0,73.0,78.0,131.0,282.0,140.0,1138.0,2271.0
Estonia,31.0,EE,23.1,45228.0,6000.0,10.9,16590.0,122.14,2.3,1.59,51.3,1.14,31386949981.0,97.2,69.6,2.1,78.2,9.0,22.8,4.48,1331824.0,63.6,20.9,47.8,5.11,916024.0,58.595272,25.013607,2579.28,EST,2021,110.999664,277.99915,331.999,637.99805,339.99896,674.998,177.99945,102.99969,38.99988,593.99817,3176.99035
Eswatini,67.0,SZ,38.43426672185682,17364.0,46566.78867536067,20.47400515577532,1.7,165.77440980319915,9.499065154646255,2.7467253351555057,29.1,0.9182734769089493,3791304348.0,102.63848168757202,26.46346968513977,23.007915254830337,64.12,134.03887825002215,11.3,1.0843382059240376,1093238.0,62.44081161690726,28.6,42.15483623170045,7.3133284505930245,2229457.3429737235,-26.522503,31.465866,204.56,SWZ,2021,75.99981,104.99974,313.9992,287.99927,142.99963,100.99975,100.99974,144.99963,27.99993,1248.9968,2473.99369
Ethiopia,115.0,ET,36.3,1104300.0,138000.0,32.34,14870.0,143.86,15.8,4.25,12.5,0.75,96107662398.0,101.0,8.1,39.1,66.2,401.0,37.8,0.08,112078730.0,79.6,7.5,37.7,2.08,23788710.0,9.145,40.489673,143.88,ETH,2021,45.000004,17.000002,80.00001,245.00002,36.000004,64.00001,31.000004,74.00001,207.00002,1670.0001,2424.00018
Fiji,49.0,FJ,23.3,18274.0,4000.0,21.28,2046.0,132.3,1.8,2.77,55.9,0.82,5535548972.0,106.4,16.1,21.6,67.3,34.0,21.4,0.84,889953.0,57.6,24.2,32.1,4.1,505048.0,-17.713371,178.065032,1939.13,FJI,2021,82.99955,38.99979,420.9977,544.9971,246.99866,93.99949,140.99924,372.998,62.999657,869.9953,2792.984937
Finland,18.0,FI,7.5,338145.0,25000.0,8.6,45871.0,112.33,1.0,1.41,73.1,1.45,268761201365.0,100.2,88.2,1.4,81.7,3.0,19.9,3.81,5520314.0,59.1,20.8,36.6,6.59,4716888.0,61.92411,25.748151,4238.9,FIN,2021,98.000145,146.00021,343.00052,443.00067,434.00064,596.0009,172.00024,114.00017,35.000053,939.0014,3222.004803
France,119.0,FR,52.4,643801.0,307000.0,11.3,303276.0,110.05,1.1,1.88,31.2,1.39,2715518274227.0,102.5,65.6,3.4,82.5,8.0,6.8,3.27,67059887.0,55.1,24.2,60.7,8.43,54123364.0,46.227638,2.213749,3769.56,FRA,2021,109.999985,186.99998,380.99997,745.99994,439.99997,470.99997,207.99997,112.999985,12.999999,934.9999,3493.999684
Gabon,9.0,GA,20.0,267667.0,7000.0,31.61,5321.0,122.19,2.1,3.97,90.0,0.92,16657960228.0,139.9,8.3,32.7,66.2,252.0,25.9,0.68,2172579.0,52.9,10.2,47.1,20.0,1949694.0,-0.803689,11.609444,800.85,GAB,2021,48.999893,106.99977,174.99962,252.99945,334.99927,46.999897,288.99936,420.99908,1.9999957,914.99805,2543.9944926999997
The Gambia,239.0,GM,59.8,11300.0,1000.0,38.54,532.0,172.73,7.1,5.22,48.4,1.18,1763819048.0,98.0,2.7,39.0,61.7,597.0,20.3,0.1,2347706.0,59.4,9.4,48.4,9.06,1453958.0,13.443182,-15.310139,223.7,GMB,2021,25.99998,7.999994,498.9996,411.99966,114.99991,112.99991,22.99998,17.999987,6.9999943,1213.999,2408.9980353
Georgia,57.0,GE,34.5,69700.0,26000.0,13.47,10128.0,133.61,4.9,2.06,40.6,0.76,17743195770.0,98.6,63.9,8.7,73.6,25.0,57.3,7.12,3720382.0,68.3,21.7,9.9,14.4,2196476.0,42.315407,43.356892,2309.7,GEO,2021,128.99986,62.99993,410.99957,350.99963,181.99982,368.9996,125.99986,96.99989,0.9999989,1325.9985,2925.9967989
Germany,240.0,DE,47.7,357022.0,180000.0,9.5,727973.0,112.85,1.4,1.56,32.7,1.39,3845630030824.0,104.0,70.2,3.1,80.9,7.0,12.5,4.25,83132799.0,60.8,11.5,48.8,3.04,64324835.0,51.165691,10.451526,3731.5,DEU,2021,43.999992,215.99997,456.99994,963.9999,342.99994,543.9999,210.99997,110.999985,6.999999,737.9999,3590.999504
Ghana,137.0,GH,69.0,238533.0,16000.0,29.41,16670.0,268.36,7.2,3.87,41.2,0.92,66983634224.0,104.8,15.7,34.9,63.8,308.0,36.1,0.14,30792608.0,67.8,12.6,55.4,4.33,17249054.0,7.946527,-1.023194,373.82,GHA,2021,46.999992,32.999996,170.99997,265.99994,136.99997,19.999998,333.99997,1140.9999,55.999992,876.9999,3034.999636
Greece,81.0,GR,47.6,131957.0,146000.0,8.1,62434.0,101.87,0.2,1.35,31.7,1.54,209852761469.0,99.6,136.6,3.6,81.3,3.0,35.5,5.48,10716322.0,51.8,26.2,51.9,17.24,8507474.0,39.074208,21.824312,2241.01,GRC,2021,60.999954,86.99994,362.99973,884.9994,332.99976,452.99966,263.99982,85.99994,28.999979,787.99945,3287.997679
Grenada,331.0,GD,23.5,349.0,45975.314055434275,16.47,268.0,107.43,0.8,2.06,50.0,1.12,1228170370.0,106.9,104.6,13.7,72.4,25.0,57.0,1.41,112003.0,62.622129780514214,19.4,47.8,6.566901424798481,40765.0,12.1165,-61.679,2066.67,GRD,2021,235.9735,87.99011,283.9681,421.95258,402.95474,255.97125,256.97113,48.994495,32.996292,579.9349,2371.733597
Guatemala,167.0,GT,36.0,108889.0,43000.0,24.56,16777.0,142.92,3.7,2.87,32.7,0.79,76710385880.0,101.9,21.8,22.1,74.1,95.0,55.8,0.35,16604026.0,62.3,10.6,35.2,2.46,8540945.0,15.783471,-90.230759,1222.65,GTM,2021,18.999996,37.999992,573.9999,343.99994,170.99997,125.99998,215.99997,49.99999,85.999985,1131.9998,2736.999527
Guinea,53.0,GN,59.0,245857.0,13000.0,36.36,2996.0,262.95,9.5,4.7,25.8,0.9,13590281809.0,91.5,11.6,64.9,61.2,576.0,54.5,0.08,12771246.0,61.5,10.8,69.3,4.3,4661505.0,9.945587,-9.696645,696.71,GIN,2021,23.000002,5.0000005,176.00002,411.00003,103.00001,44.000004,196.00002,600.00006,35.000004,1310.0001,2880.0002485
Guinea-Bissau,70.0,GW,58.0,36125.0,4000.0,35.13,293.0,111.65,1.4,4.48,69.8,1.088340073348389,1340389411.0,118.7,2.6,54.0,58.0,667.0,37.2,0.13,1920922.0,72.0,10.3,45.5,2.47,840922.0,11.803749,-15.180413,475.35,GNB,2021,19.999903,38.99981,32.99984,370.9982,83.999596,43.999786,89.99956,144.9993,15.999922,1323.9935,2145.989514
Guyana,4.0,GY,8.6,214969.0,3000.0,19.97,2384.0,116.19,2.1,2.46,83.9,0.9,4280443645.0,97.8,11.6,25.1,69.8,169.0,40.5,0.8,782766.0,56.2,16.55186735185424,30.6,11.85,208912.0,4.860416,-58.93018,731.32,GUY,2021,152.99982,47.99994,318.9996,202.99976,343.99957,232.99971,588.99927,148.99982,72.99991,1079.9987,3037.99628
Haiti,414.0,HT,66.8,27750.0,0.0,24.35,2978.0,179.29,12.5,2.94,3.5,0.81,8498981821.0,113.6,1.1,49.5,63.7,480.0,36.3,0.23,11263077.0,67.2,15.763433479301385,42.7,13.78,6328948.0,18.971187,-72.285215,444.95,HTI,2021,18.999992,85.99996,241.99991,198.99991,109.999954,29.999989,176.99994,121.99995,85.99996,1005.9996,2057.999173
Honduras,89.0,HN,28.9,112090.0,23000.0,21.6,9813.0,150.34,4.4,2.46,40.0,0.98,25095395475.0,91.5,26.2,15.1,75.1,65.0,49.1,0.31,9746117.0,68.8,17.3,39.1,5.39,5626433.0,15.199999,-86.241905,1022.22,HND,2021,41.000015,57.00002,385.00012,548.0002,169.00006,130.00005,83.00003,23.000008,109.00004,1122.0004,2626.0009279999995
Hungary,107.0,HU,58.4,93028.0,40000.0,9.6,45537.0,121.64,3.3,1.54,22.9,1.18,160967157504.0,100.8,48.5,3.6,75.8,12.0,29.0,3.41,9769949.0,56.5,23.0,37.9,3.4,6999582.0,47.162494,19.503304,1227.46,HUN,2021,42.000027,193.00012,427.00027,869.00055,369.0002,326.0002,186.00012,64.00004,23.000013,925.00055,3382.002063
Iceland,3.0,IS,18.7,103000.0,0.0,12.0,2065.0,129.0,3.0,1.71,0.5,1.69,24188035739.0,100.4,71.8,1.5,82.7,4.0,17.0,4.08,361313.0,75.0,23.3,31.9,2.84,339110.0,64.963051,-19.020835,4661.2,ISL,2021,228.99506,139.99696,329.99286,528.9885,597.98706,552.98804,200.99565,64.9986,5.9998703,961.9792,3383.9267403000003
India,464.0,IN,60.4,3287263.0,3031000.0,17.86,2407672.0,180.44,7.7,2.22,23.8,0.97,2611000000000.0,113.0,28.1,29.9,69.4,145.0,65.1,0.86,1366417754.0,49.3,11.2,49.7,5.36,471031528.0,20.593684,78.96288,327.97,IND,2021,32.0,16.0,207.0,365.0,36.0,211.0,159.0,58.0,132.0,1353.0,2537.0
Indonesia,151.0,ID,31.5,1904569.0,676000.0,18.07,563325.0,151.18,3.0,2.31,49.9,0.63,1119190780753.0,106.4,36.3,21.1,71.5,177.0,48.3,0.43,270203917.0,67.5,10.2,30.1,4.69,151509724.0,-0.789275,113.921327,678.91,IDN,2021,24.0,2.0,272.0,594.0,172.0,82.0,159.0,205.0,9.0,1397.0,2892.0
Iran,52.0,IR,28.2,1648195.0,563000.0,18.78,661710.0,550.93,39.9,2.14,6.6,0.4,445345282123.0,110.7,68.1,12.4,76.5,16.0,39.7,1.58,82913906.0,44.7,7.4,44.7,11.38,62509623.0,32.427908,53.688046,932.63,IRN,2021,16.0,1.0,306.0,497.0,157.0,99.0,287.0,40.0,38.0,1454.0,2879.0
Iraq,93.0,IQ,21.4,438317.0,209000.0,29.08,190061.0,119.86,0.4,3.67,1.9,0.61,234094042939.0,108.7,16.2,22.5,70.5,79.0,76.5,0.71,39309783.0,43.0,2.0,30.8,12.82,27783368.0,33.223191,43.679291,1382.38,IRQ,2021,39.455097,5.146317,177.54793,379.112,67.75984,59.182644,154.38951,24.873865,66.044395,1329.4652,2263.521701
Republic of Ireland,72.0,IE,64.5,70273.0,9000.0,12.5,37711.0,106.58,0.9,1.75,11.0,1.37,388698711348.0,100.9,77.8,3.1,82.3,5.0,15.2,3.31,5007069.0,62.1,18.3,26.1,4.93,3133123.0,53.41291,-8.24389,3021.14,IRL,2021,217.0002,211.0002,455.00043,630.0006,427.0004,733.0007,177.00017,155.00015,9.000009,845.0008,3642.003459
Israel,400.0,IL,24.6,20770.0,178000.0,20.8,65166.0,108.15,0.8,3.09,7.7,1.57,395098666122.0,104.9,63.4,3.0,82.8,3.0,24.4,4.62,9053300.0,64.0,23.1,25.3,3.86,8374393.0,31.046051,34.851612,2814.0,ISR,2021,123.00003,47.000015,475.00012,781.00024,484.00012,377.0001,322.0001,64.000015,34.00001,994.0003,3578.00102
Italy,206.0,IT,43.2,301340.0,347000.0,7.3,320411.0,110.62,0.6,1.29,31.8,1.61,2001244392042.0,101.9,61.9,2.6,82.9,2.0,22.8,3.98,60297396.0,49.6,24.3,59.1,9.89,42651966.0,41.87194,12.56738,3467.23,ITA,2021,27.999996,139.99998,346.99994,939.9999,371.99997,443.99994,223.99997,77.99999,71.99999,1089.9999,3706.99958
Jamaica,273.0,JM,41.0,10991.0,4000.0,16.1,8225.0,162.47,3.9,1.98,30.9,1.11,16458071068.0,91.0,27.1,12.4,74.4,80.0,23.7,1.31,2948279.0,66.0,26.8,35.1,8.0,1650594.0,18.109581,-77.297508,565.78,JAM,2021,99.99996,63.999977,447.99985,396.99985,295.99988,173.99994,237.99991,237.99991,29.999989,897.9997,2782.999006
Japan,347.0,JP,12.3,377944.0,261000.0,7.4,1135886.0,105.48,0.5,1.42,68.5,1.06,5081769542380.0,98.8,63.2,1.8,84.2,5.0,13.1,2.41,126226568.0,61.7,11.9,46.7,2.29,115782416.0,36.204824,138.252924,3158.67,JPN,2021,49.0,98.0,270.0,555.0,330.0,193.0,130.0,56.0,10.0,968.0,2610.0
Jordan,115.0,JO,12.0,89342.0,116000.0,21.98,25108.0,125.6,0.8,2.76,1.1,1.1,43743661972.0,81.5,34.4,13.9,74.4,46.0,25.1,2.32,10101694.0,39.3,15.1,28.6,14.72,9213048.0,30.585164,36.238414,1946.4,JOR,2021,56.999958,0.9999993,328.9998,529.99963,159.9999,125.99991,138.99991,49.999966,50.999966,709.9995,2095.9985813000003
Kazakhstan,7.0,KZ,80.4,2724900.0,71000.0,21.77,247207.0,182.75,5.2,2.84,1.2,0.42,180161741180.0,104.4,61.7,8.8,73.2,10.0,38.8,3.25,18513930.0,68.8,11.7,28.4,4.59,10652915.0,48.019573,66.923684,701.0,KAZ,2021,103.000015,86.000015,287.00003,636.00006,354.00006,562.00006,266.00006,186.00003,44.000008,844.0001,3265.0004229999995
Kenya,94.0,KE,48.5,580367.0,29000.0,28.75,17910.0,180.51,4.7,3.49,7.8,0.95,95503088538.0,103.2,11.5,30.6,66.3,342.0,33.4,0.16,52573973.0,74.7,15.1,37.2,2.64,14461523.0,-0.023559,37.906193,863.29,KEN,2021,6.999999,17.999998,260.99997,262.99997,54.999992,174.99998,149.99998,130.99998,130.99998,1025.9999,2209.99975
Kiribati,147.0,KI,42.0,811.0,45966.06672570891,27.89,66.0,99.55,0.6,3.57,15.0,1.1067848751941667,194647202.0,101.3,44.31562032915825,41.2,68.1,92.0,0.2,0.2,117606.0,62.60193769070867,22.0,32.7,6.565077564942116,64489.0,1.8368976,-157.3768317,2206.45,KIR,2021,49.994953,11.998789,454.9541,1002.8988,391.96045,79.99193,151.98466,36.996265,0.9998991,912.9079,3044.6927931
Kuwait,240.0,KW,8.4,17818.0,25000.0,13.94,98734.0,126.6,1.1,2.08,0.4,0.35,134761198946.0,92.4,54.4,6.7,75.4,12.0,14.4,2.58,4207083.0,73.5,1.4,13.0,2.18,4207083.0,29.31166,47.481766,2361.0,KWT,2021,159.99997,1.9999995,285.9999,538.9999,375.9999,290.99994,369.9999,82.99998,52.999985,1336.9996,3336.9991045
Kyrgyzstan,34.0,KG,55.0,199951.0,21000.0,27.1,9787.0,155.68,1.1,3.3,3.3,0.56,8454619608.0,107.6,41.3,16.9,71.4,60.0,48.2,1.88,6456900.0,59.8,18.0,29.0,6.33,2362644.0,41.20438,74.766098,201.87,KGZ,2021,61.999985,26.999992,195.99995,275.9999,195.99995,439.99988,191.99994,190.99995,99.99997,1014.99976,2632.999292
Laos,32.0,LA,10.3,236800.0,129000.0,23.55,17763.0,135.87,3.3,2.67,82.1,0.93,18173839128.0,102.4,15.0,37.6,67.6,185.0,45.4,0.37,7169455.0,78.5,12.9,24.1,0.63,2555552.0,19.85627,102.495496,206.42,LAO,2021,58.00004,58.00004,171.0001,166.00012,213.00015,21.000015,345.00024,126.000084,8.000006,1553.0011,2661.001855
Latvia,30.0,LV,31.1,64589.0,6000.0,10.0,7004.0,116.86,2.8,1.6,54.0,1.16,34117202555.0,99.4,88.1,3.3,74.7,19.0,41.6,3.19,1912789.0,61.4,22.9,38.1,6.52,1304943.0,56.879635,24.603189,1654.0727,LVA,2021,148.99953,143.99954,374.9988,760.99756,383.99878,405.9987,151.99951,113.99964,0.99999684,793.9975,3130.99002684
Lebanon,667.0,LB,64.3,10400.0,80000.0,17.55,24796.0,130.02,3.0,2.09,13.4,0.74,53367042272.0,95.1,26.3,6.4,78.9,29.0,32.1,2.1,6855713.0,47.0,15.3,32.2,6.23,6084994.0,33.854721,35.862285,753.33,LBN,2021,52.000034,14.00001,428.0003,623.0004,173.00012,174.00012,226.00015,91.00006,64.000046,1047.0007,2840.0019060000004
Lesotho,71.0,LS,77.6,30355.0,2000.0,26.81,2512.0,155.86,5.2,3.14,1.6,0.7,2460072444.0,120.9,10.2,65.7,53.7,544.0,16.9,0.07,2125268.0,67.9,31.6,13.6,23.41,607508.0,-29.609988,28.233608,540.54,LSO,2021,32.999798,39.999752,123.99924,145.9991,108.99933,152.99905,39.999756,93.99942,20.99987,1274.9922,2001.987718
Liberia,53.0,LR,28.0,111369.0,2000.0,33.04,1386.0,223.13,23.6,4.32,43.1,0.8,3070518100.0,85.1,11.9,53.5,63.7,661.0,19.6,0.04,4937374.0,76.3,12.9,46.2,2.81,2548426.0,6.428055,-9.429499,334.39,LBR,2021,37.999985,32.99999,86.99996,236.99991,97.99996,16.999992,88.99996,400.99985,8.999996,1084.9995,2055.9991179999997
Libya,4.0,LY,8.7,1759540.0,0.0,18.83,50564.0,125.71,2.6,2.24,0.1,0.11,52076250948.0,109.0,60.5,10.2,72.7,72.0,36.7,2.09,6777452.0,49.7,15.564843527733643,32.6,18.56,5448597.0,26.3351,17.228331,417.18,LBY,2021,127.0,0.0,296.0,657.0,244.0,267.0,304.0,44.0,34.0,1206.0,3052.0
Liechtenstein,238.0,LI,32.2,160.0,45901.592203321736,9.9,51.0,139.71291572836333,8.577785665257865,1.44,43.1,1.74,6552858739.0,104.7,35.6,14.600996115883262,83.0,67.82991182612932,25.55735066934457,2.7122419468539496,38019.0,62.697622867606256,20.426077154866903,21.6,5.446875374260583,5464.0,47.1410392,9.520935,5224.04,,2021,68.0,191.0,425.0,876.0,375.0,522.0,221.0,113.0,13.0,816.0,3552.0
Lithuania,43.0,LT,47.2,65300.0,34000.0,10.0,12963.0,118.38,2.3,1.63,34.8,1.16,54219315600.0,103.9,72.4,3.3,75.7,8.0,32.1,6.35,2786844.0,61.6,16.9,42.6,6.35,1891013.0,55.169438,23.881275,903.87466,LTU,2021,55.999958,181.99986,384.99973,428.99966,470.99963,538.99963,153.99988,96.99992,14.999989,1028.9993,3300.997599
Luxembourg,242.0,LU,53.7,2586.0,2000.0,10.3,8988.0,115.09,1.7,1.37,35.7,1.19,71104919108.0,102.3,19.2,1.9,82.1,5.0,10.6,3.01,645397.0,59.3,26.5,20.4,5.36,565488.0,49.815273,6.129583,4767.44,LUX,2021,255.996,339.9947,282.99557,392.99384,500.99216,478.99252,203.99681,73.99884,9.999844,929.9855,3213.9497840000004
Madagascar,48.0,MG,71.2,587041.0,22000.0,32.66,3905.0,184.33,5.6,4.08,21.4,1.11,14083906357.0,142.5,5.4,38.2,66.7,335.0,21.7,0.18,26969307.0,86.1,10.2,38.3,1.76,10210849.0,-18.766947,46.869107,250.87,MDG,2021,6.9999995,5.9999995,170.99998,85.99999,32.999996,36.999996,65.99999,320.99997,12.999999,1240.9999,1973.9998205000002
Malawi,203.0,MW,61.4,118484.0,15000.0,34.12,1298.0,418.34,9.4,4.21,33.2,1.15,7666704427.0,142.5,0.8,35.3,63.8,349.0,11.0,0.04,18628747.0,76.7,17.3,34.5,5.65,3199301.0,-13.254308,34.301525,132.38,MWI,2021,8.999999,20.999998,58.999996,139.99998,169.99998,24.999998,277.99997,409.99997,151.99998,1370.9999,2625.999772
Malaysia,99.0,MY,26.3,329847.0,136000.0,16.75,248289.0,121.46,0.7,2.0,67.6,0.45,364701517788.0,105.3,45.1,6.7,76.0,29.0,36.7,1.51,32447385.0,64.3,12.0,38.7,3.32,24475766.0,4.210484,101.975766,1236.17,MYS,2021,60.0,12.0,440.0,655.0,361.0,147.0,121.0,47.0,23.0,1096.0,2902.0
Maldives,1802.0,MV,26.3,298.0,5000.0,14.2,1445.0,99.7,0.2,1.87,3.3,1.63,5729248472.0,97.1,31.2,7.4,78.6,53.0,16.4,4.56,530953.0,69.8,19.5,30.2,6.14,213645.0,3.202778,73.22068,1099.61,MDV,2021,161.99721,20.999638,254.9956,312.99463,270.99533,263.99545,186.99678,49.999138,28.9995,1033.9822,2423.9582659999996
Mali,17.0,ML,33.8,1240192.0,18000.0,41.54,3179.0,108.73,-1.7,5.88,3.8,1.12,17510141171.0,75.6,4.5,62.0,58.9,562.0,46.3,0.13,19658031.0,70.8,11.6,54.5,7.22,8479688.0,17.570692,-3.996166,478.58,MLI,2021,18.999992,29.999987,82.99996,175.99992,46.99998,88.99996,196.99991,78.99996,93.99996,1920.9991,2715.9987370000003
Malta,1380.0,MT,32.4,316.0,2000.0,9.2,1342.0,113.45,1.6,1.23,1.1,1.36,14786156563.0,105.0,54.3,6.1,82.3,6.0,37.1,2.86,502653.0,56.5,26.2,44.0,3.47,475902.0,35.937496,14.375416,4439.75,MLT,2021,108.999794,99.99981,449.99915,603.99884,344.99933,376.99927,203.99962,60.999886,12.999975,1070.9979,3224.993781
Marshall Islands,329.0,MH,63.9,181.0,45824.116950591044,29.03,143.0,159.37247681380472,9.081374307710794,4.05,70.2,1.44,221278000.0,84.7,23.7,27.4,65.2,231.71030731818684,10.0,0.42,58791.0,62.67485410722936,17.8,65.9,6.506541768369484,45514.0,7.131474,171.184478,2070.0,,2021,60.0,21.0,363.0,888.0,415.0,76.0,115.0,162.0,7.0,835.0,2882.0
Mauritania,5.0,MR,38.5,1030700.0,21000.0,33.69,2739.0,135.02,2.3,4.56,0.2,1.13,7593752450.0,99.9,5.0,51.5,64.7,766.0,48.2,0.19,4525696.0,45.9,14.985980185458146,67.0,9.55,2466821.0,21.00789,-10.940835,44.623043,MRT,2021,39.99991,0.0,445.99896,277.99936,165.99962,240.99944,89.99979,21.999949,87.999794,1599.9962,2930.9931130000004
Mauritius,626.0,MU,42.4,2040.0,3000.0,10.2,4349.0,129.91,0.4,1.41,19.0,1.12,14180444557.0,101.1,40.6,13.6,74.4,61.0,50.7,2.53,1265711.0,58.3,19.1,22.2,6.67,515980.0,-20.348404,57.552152,901.53,MUS,2021,96.99911,52.99951,381.9965,585.9946,282.9974,170.99843,115.99893,49.99954,76.99929,1246.9885,2964.9727000000003
Mexico,66.0,MX,54.6,1964375.0,336000.0,17.6,486406.0,141.54,3.6,2.13,33.9,0.73,1258286717125.0,105.8,40.2,11.0,75.0,33.0,41.4,2.38,126014024.0,60.7,13.1,55.1,3.42,102626859.0,23.634501,-102.552784,1681.97,MEX,2021,39.0,103.0,412.0,436.0,369.0,270.0,195.0,37.0,86.0,1331.0,3239.0
Federated States of Micronesia,784.0,FM,31.4,702.0,45997.697367059096,22.82,143.0,112.1,0.5,3.05,91.9,1.06587119205255,401932279.0,97.2,14.1,25.6,67.8,88.0,2.5,0.18,113815.0,62.71375604108858,25.2,60.5,6.703437835949902,25963.0,7.425554,150.550812,1250.0,FSM,2021,58.993217,28.996668,249.97127,785.90967,412.9525,53.993793,70.99184,319.96323,0.0,770.9114,2693.6903709999997
Moldova,123.0,MD,74.2,33851.0,7000.0,10.1,5115.0,166.2,4.8,1.26,12.6,0.8,11955435457.0,90.6,39.8,13.6,71.8,19.0,46.2,3.21,2657637.0,43.1,17.7,38.7,5.47,1135502.0,47.411631,28.369885,1318.68,MDA,2021,82.831535,110.44205,283.63525,413.321,271.92172,218.37405,213.35394,100.40186,58.567753,780.62445,2450.642073
Monaco,26337.0,MC,24.9322450065414,2.0,45870.5052874809,5.9,0.2,159.01885299749824,6.7925098528299745,0.7934906200090603,0.0,2.0,7184844193.0,103.03996595873534,65.74100043799369,2.6,86.37,316.6675173178567,6.1,6.56,38964.0,67.78185114060445,6.975045282607482,35.19447512871553,-1.0955977354529365,38964.0,43.7384176,7.4246158,4112.05,,2021,50.0,146.0,311.0,852.0,405.0,402.0,243.0,92.0,49.0,979.0,3479.0
Mongolia,2.0,MN,71.5,1564116.0,18000.0,24.13,25368.0,195.76,7.3,2.9,8.0,0.72,13852850259.0,104.0,65.6,14.0,69.7,45.0,39.3,2.86,3225167.0,59.7,16.8,25.7,6.01,2210626.0,46.862496,103.846656,515.76,MNG,2021,199.99988,116.99993,183.9999,362.99976,551.9997,374.9998,83.999954,90.99995,3.9999976,1083.9994,2853.9983915999996
Montenegro,47.0,ME,19.0,13812.0,12000.0,11.73,2017.0,116.32,2.6,1.75,61.5,1.16,5494736901.0,100.0,56.1,2.3,76.8,6.0,31.8,2.76,622137.0,54.4,18.36078379613123,22.2,14.88,417765.0,42.708678,19.37439,2621.56,MNE,2021,147.00093,125.00079,302.00192,345.0022,491.0031,642.0041,225.00143,54.000343,38.00024,1188.0076,3410.021723
Morocco,83.0,MA,68.5,446550.0,246000.0,18.94,61276.0,111.07,0.2,2.42,12.6,0.99,118725279596.0,113.9,35.9,19.2,76.5,70.0,53.1,0.73,36910560.0,45.3,21.9,45.8,9.02,22975026.0,31.791702,-7.09262,1634.24,MAR,2021,37.99999,6.999998,323.9999,419.9999,179.99995,113.99997,243.99994,63.999985,64.999985,1926.9995,3344.999128
Mozambique,40.0,MZ,63.5,799380.0,11000.0,37.52,7943.0,182.31,2.8,4.85,48.0,0.65,14934159926.0,112.6,7.3,54.0,60.2,289.0,6.8,0.08,30366036.0,78.1,0.0,36.1,3.24,11092106.0,-18.665695,35.529562,549.81,MOZ,2021,12.999998,15.999998,116.999985,250.99997,75.999985,7.999999,66.99999,545.99994,56.999992,1017.9999,2155.999759
Myanmar,83.0,MM,19.5,676578.0,513000.0,17.55,25280.0,168.18,8.8,2.15,43.6,0.54,76085852617.0,112.3,18.8,36.8,66.9,250.0,73.9,0.68,54045420.0,61.7,5.4,31.2,1.58,16674093.0,21.916221,95.955974,228.46,MMR,2021,24.999996,5.999999,194.99997,351.99994,181.99997,32.999992,143.99997,38.999992,95.999985,1745.9996,2792.999418
Namibia,3.0,NA,47.1,824292.0,16000.0,28.64,4228.0,157.97,3.7,3.4,8.3,0.76,12366527719.0,124.2,22.9,29.0,63.4,195.0,8.3,0.42,2494530.0,59.5,27.1,20.7,20.27,1273258.0,-22.95764,18.49041,821.41,NAM,2021,75.0,163.0,330.0,297.0,190.0,124.99999,66.0,286.0,71.0,960.99994,2488.99993
Nauru,541.0,NR,36.74224285350768,21.0,37071.148232638145,20.82722349076493,155687.1083028052,178.32808951749664,9.683228712579407,2.7283289297125912,0.0,0.8707455146079277,133000000.0,102.29344705811603,28.423473442320727,24.049149060572624,63.1,138.38631267453746,34.76528967434865,1.3808536090512518,10084.0,62.8651670392442,16.527767810651838,41.46379071232224,7.004543539685583,7430278.573204183,-0.522778,166.931503,487.0,NRU,2021,135.75043,35.933933,449.1742,625.84937,655.7943,225.58527,126.76694,27.948616,134.75226,610.8769,2892.681789
Nepal,203.0,NP,28.7,147181.0,112000.0,19.89,9105.0,188.73,5.6,1.92,25.4,0.91,30641380604.0,142.1,12.4,26.7,70.5,186.0,60.4,0.75,28608710.0,83.8,20.7,41.8,1.41,5765513.0,28.394857,84.124008,551.13,NPL,2021,67.00001,34.000004,127.000015,368.00003,68.00001,123.00001,187.00002,171.00002,141.00002,1659.0001,2878.0002289999998
Netherlands,508.0,NL,53.3,41543.0,41000.0,9.7,170780.0,115.91,2.6,1.59,11.2,1.68,909070395161.0,104.2,85.0,3.3,81.8,5.0,12.3,3.61,17332850.0,63.6,23.0,41.2,3.2,15924729.0,52.132633,5.291266,4756.87,NLD,2021,38.000008,110.00002,423.0001,684.0001,358.00006,643.0001,292.00006,119.00002,20.000004,778.0001,3427.000564
New Zealand,18.0,NZ,40.5,268838.0,9000.0,11.98,34382.0,114.24,1.6,1.71,38.6,1.4,206928765544.0,100.0,82.0,4.7,81.9,9.0,12.6,3.59,4841000.0,69.9,29.0,34.6,4.07,4258860.0,-40.900557,174.885971,4196.41,NZL,2021,113.0,94.0,536.0,675.0,372.0,153.0,171.0,111.0,25.0,878.0,3015.0
Nicaragua,55.0,NI,42.1,130370.0,12000.0,20.64,5592.0,162.74,5.4,2.4,25.9,0.91,12520915291.0,120.6,17.4,15.7,74.3,98.0,36.0,0.98,6545502.0,66.4,15.6,60.6,6.84,3846137.0,12.865416,-85.207229,449.1,NIC,2021,40.99996,50.999954,357.9997,241.99979,137.99988,224.9998,93.999916,52.999954,135.99988,1317.9989,2614.9977740000004
Niger,19.0,NE,36.1,1267000.0,10000.0,46.08,2017.0,109.32,-2.5,6.91,0.9,0.88,12928145120.0,74.7,4.4,48.0,62.0,509.0,52.3,0.04,23310715.0,72.0,11.8,47.2,0.47,3850231.0,17.607789,8.081666,480.19,NER,2021,14.999999,0.99999994,57.999996,349.0,41.0,78.99999,141.99998,99.99999,450.99997,1302.9999,2523.9998259400004
Nigeria,226.0,NG,77.7,923768.0,215000.0,37.91,120369.0,267.51,11.4,5.39,7.2,0.46,448120428859.0,84.7,10.2,75.7,54.3,917.0,72.2,0.38,200963599.0,52.9,1.5,34.8,8.1,102806948.0,9.081999,8.675277,389.85,NGA,2021,20.999998,16.999998,99.99999,420.99997,49.999996,20.999998,126.999985,635.99994,96.99999,1013.99994,2482.999807
North Korea,214.0,KP,21.8,120538.0,1469000.0,13.89,28284.0,327.77252817052045,41.90445539532,1.9,40.7,0.58,32100000000.0,112.8,27.0,13.7,72.1,89.0,52.66565155146641,3.67,25666161.0,80.4,16.444310091532103,60.918916522320856,2.74,15947412.0,40.339852,127.510093,192.22575,PRK,2021,7.0,82.0,40.0,137.0,80.0,22.0,169.0,90.0,91.0,1264.0,1975.0
North Macedonia,83.0,MK,37.941247462959964,25713.0,48445.75501895278,20.175149044206737,7.0,169.21891428373686,9.384476022530318,2.685577051963404,39.9,0.9506638250499323,10220781069.0,102.64416960447612,30.671941717575255,20.013328385360484,77.39,160.37514305117548,35.6,2.003417726884252,1836713.0,62.456609561014886,16.521886134453702,41.852703292782124,7.136967125864083,2483190.645253435,41.608635,21.745275,677.0,MKD,2021,138.00008,87.000046,392.0002,597.0003,211.0001,260.00012,352.00018,113.00006,46.000023,969.0005,3027.001529
Norway,15.0,NO,2.7,323802.0,23000.0,10.4,41023.0,120.27,2.2,1.56,33.2,1.78,403336363636.0,100.3,82.0,2.1,82.8,2.0,14.3,2.92,5347896.0,63.8,23.9,36.2,3.35,4418218.0,60.472024,8.468946,4420.02,NOR,2021,204.99995,133.99997,329.99994,607.9999,440.99994,378.99994,192.99995,94.999985,150.99997,973.9998,3304.999395
Oman,16.0,OM,4.6,309500.0,47000.0,19.19,63457.0,113.53,0.1,2.89,0.0,0.45,76983094928.0,103.4,38.0,9.8,77.6,19.0,6.4,2.0,5266535.0,72.4,2.5,27.4,2.67,4250777.0,21.4735329,55.975413,3932.29,OMN,2021,83.99993,22.99998,239.9998,437.99963,257.9998,395.99966,651.99945,70.99994,60.99995,823.9993,2962.99751
Pakistan,287.0,PK,47.8,796095.0,936000.0,28.25,201150.0,182.32,10.6,3.51,1.9,0.79,304400000000.0,94.3,9.0,57.2,67.1,140.0,66.5,0.98,216565318.0,52.6,9.2,33.9,4.45,79927762.0,30.375321,69.345116,245.34,PAK,2021,19.000002,0.0,289.00003,446.00003,79.00001,341.00003,81.00001,36.000004,55.000004,1139.0001,2466.000218
Palau,39.0,PW,10.9,459.0,45771.22295143879,14.0,224.0,118.17,1.3,2.21,87.6,1.0937335486893374,283994900.0,112.6,54.7,16.6,69.1,40.074778726013534,21.8,1.18,18233.0,62.585973792288236,21.3,76.6,6.505902359477547,14491.0,7.51498,134.58252,2380.0,,2021,60.0,21.0,363.0,888.0,415.0,76.0,115.0,162.0,7.0,835.0,2882.0
Panama,58.0,PA,30.4,75420.0,26000.0,18.98,10715.0,122.07,-0.4,2.46,61.9,0.74,66800800000.0,94.4,47.8,13.1,78.3,52.0,30.5,1.57,4246439.0,66.6,17.59894236335305,37.2,3.9,2890084.0,8.537981,-80.782127,1890.0,PAN,2021,55.000076,126.000175,257.00037,500.00067,365.0005,196.00027,232.0003,53.000072,41.000057,1212.0017,2982.004114
Papua New Guinea,20.0,PG,2.6,462840.0,4000.0,27.07,7536.0,155.99,3.6,3.56,74.1,1.36,24969611435.0,108.5,1.8,38.0,64.3,145.0,5.8,0.07,8776109.0,47.2,13.6,37.1,2.46,1162834.0,-6.314993,143.95555,1010.96,PNG,2021,21.000004,13.000003,115.00003,381.0001,280.00006,10.000002,387.0001,436.0001,3.0000007,559.0001,2184.0004957
Paraguay,18.0,PY,55.1,406752.0,27000.0,20.57,7407.0,143.82,2.8,2.43,37.7,1.04,38145288940.0,104.4,34.6,17.2,74.1,129.0,36.5,1.35,7044636.0,72.1,10.0,35.0,4.81,4359150.0,-23.442503,-58.443832,1019.69,PRY,2021,48.999985,135.99995,131.99995,477.99985,175.99994,188.99994,131.99995,532.9998,91.99997,1208.9996,3076.9989500000006
Peru,26.0,PE,18.5,1285216.0,158000.0,17.95,57414.0,129.78,2.1,2.25,57.7,0.99,226848050820.0,106.9,70.7,11.1,76.5,88.0,30.9,1.27,32510453.0,77.6,14.3,36.8,3.31,25390339.0,-9.189967,-75.015152,1825.86,PER,2021,35.000004,82.000015,206.00003,295.00003,309.00003,170.00002,244.00003,367.00006,76.00001,1014.0001,2763.000325
Philippines,368.0,PH,41.7,300000.0,153000.0,20.55,122287.0,129.61,2.5,2.58,27.8,0.86,376795508680.0,107.5,35.5,22.5,71.1,121.0,53.5,0.6,108116615.0,59.6,14.0,43.1,2.15,50975903.0,12.879721,121.774017,728.78,PHL,2021,51.999996,73.99999,220.99998,259.99997,214.99998,44.999996,199.99998,48.999996,12.999999,1703.9999,2780.999791
Poland,124.0,PL,46.9,312685.0,191000.0,10.2,299037.0,114.11,2.2,1.46,30.9,1.07,592164400688.0,100.0,67.8,3.8,77.6,2.0,23.2,2.38,37970874.0,56.7,17.4,40.8,3.47,22796574.0,51.919438,19.145136,1496.57,POL,2021,13.000002,173.00003,443.00006,627.0001,469.00006,457.00006,173.00003,176.00003,5.000001,1018.0002,3541.000571
Portugal,111.0,PT,39.5,92212.0,52000.0,8.5,48742.0,110.62,0.3,1.38,34.6,1.54,237686075635.0,106.2,63.9,3.1,81.3,8.0,27.7,5.12,10269417.0,58.8,22.8,39.8,6.33,6753579.0,39.399872,-8.224454,2537.0,PRT,2021,91.999916,237.99979,198.99982,802.99927,496.99957,327.9997,274.99976,113.99989,27.999975,952.99915,3434.996925
Qatar,248.0,QA,5.8,11586.0,22000.0,9.54,103259.0,115.38,-0.7,1.87,0.0,0.4,183466208791.0,103.8,17.9,5.8,80.1,9.0,6.2,2.49,2832067.0,86.8,14.7,11.3,0.09,2809071.0,25.354826,51.183884,3846.15,QAT,2021,160.00006,17.000006,270.0001,571.00024,387.00012,221.00008,303.00012,66.00002,94.00004,1408.0005,3337.001226
Romania,84.0,RO,58.8,238391.0,126000.0,9.6,69259.0,123.78,3.8,1.71,30.1,1.16,250077444017.0,85.2,49.4,6.1,75.4,19.0,21.3,2.98,19356544.0,54.7,14.6,20.0,3.98,10468793.0,45.943161,24.96676,1739.87,ROU,2021,78.000015,208.00003,308.00003,637.00006,301.00003,493.00006,257.00003,101.000015,15.000002,1266.0001,3586.000357
Russia,9.0,RU,13.3,17098240.0,1454000.0,11.5,1732027.0,180.75,4.5,1.57,49.8,0.59,1699876578871.0,102.6,81.9,6.1,72.7,17.0,36.4,4.01,144373535.0,61.8,11.4,46.2,4.59,107683889.0,61.52401,105.318756,975.51,RUS,2021,34.000004,147.00002,383.00003,533.00006,378.00003,358.00003,168.00002,151.00002,26.000002,1203.0001,3347.000312
Rwanda,525.0,RW,73.4,26338.0,35000.0,31.7,1115.0,151.09,3.4,4.04,19.7,1.17,10122472590.0,133.0,6.7,27.0,68.7,248.0,26.0,0.13,12626950.0,83.7,14.3,33.2,1.03,2186104.0,-1.940278,29.873888,525.39,RWA,2021,8.999999,26.999998,127.999985,142.99998,45.999996,35.999996,379.99997,698.99994,293.99997,504.99994,2257.999775
Saint Kitts and Nevis,205.0,KN,23.1,261.0,45855.23995614802,12.6,238.0,104.57,-1.0,2.11,42.3,1.0309006979147117,1050992593.0,108.7,86.7,9.8,71.3,3.1506740371506794,56.6,2.52,52823.0,62.56794562412615,18.5,49.7,6.952943649325224,16269.0,17.357822,-62.782998,1092.59,KNA,2021,110.951065,62.972225,422.8135,596.7368,469.7928,157.93034,149.93387,70.9687,44.98016,776.6574,2752.785795
Saint Lucia,301.0,LC,17.4,616.0,46172.375729419095,12.0,414.0,110.13,1.9,1.44,33.2,1.3,2122450630.0,102.6,14.1,14.9,76.1,117.0,48.4,0.64,182790.0,67.1,18.2,34.7,20.71,34280.0,13.909444,-60.978893,922.22,LCA,2021,138.98993,137.99,244.98227,292.9788,437.9683,122.9911,187.98639,81.994064,52.996162,946.93146,2506.8185460000004
Saint Vincent and the Grenadines,284.0,VC,25.6,389.0,45924.98930915101,14.24,220.0,109.67,2.3,1.89,69.2,1.0443402874739203,825385185.0,113.4,23.7,14.8,72.4,68.0,21.4,0.66,100455.0,65.9,25.4,37.0,18.88,58185.0,12.984305,-61.287228,1144.44,VCT,2021,265.97452,98.99052,315.96973,324.96884,495.95245,177.98294,339.96744,147.98582,98.99052,683.93445,2684.7427100000004
Samoa,70.0,WS,12.4,2831.0,46279.47733688058,24.38,246.0,117.56,1.0,3.88,60.4,0.91,850655017.0,110.5,7.6,13.6,73.2,43.0,11.5,0.34,202506.0,43.7,25.5,19.3,8.36,35588.0,-13.759029,-172.104629,808.66,WSM,2021,49.9952,33.996735,302.97092,512.95074,570.9452,100.9903,266.97437,254.97551,0.0,975.9063,3019.710075
San Marino,566.0,SM,16.7,61.0,45793.19687888375,6.8,0.2,110.63,1.0,1.26,0.0,1.1563103310358265,1637931034.0,108.1,42.5,1.7,85.4,-58.618300857779374,18.3,6.11,33860.0,62.71256406799281,18.1,36.2,5.656721063125517,32969.0,43.94236,12.457777,4450.32,,2021,50.0,146.0,311.0,852.0,405.0,402.0,243.0,92.0,49.0,979.0,3479.0
Sao Tome and Principe,228.0,ST,50.7,964.0,1000.0,31.54,121.0,185.09,7.9,4.32,55.8,0.9383630456422395,429016605.0,106.8,13.4,24.4,70.2,130.0,11.7,0.05,215056.0,57.8,14.6,37.0,13.37,158277.0,0.255436,6.602781,254.88163,STP,2021,45.998352,52.9981,197.9929,336.9879,169.9939,40.99853,410.98526,94.9966,35.99871,1075.9614,2416.9133
Saudi Arabia,16.0,SA,80.8,2149690.0,252000.0,17.8,563449.0,118.4,-1.2,2.32,0.5,0.24,792966838162.0,99.8,68.0,6.0,75.0,17.0,15.0,2.61,34268528.0,55.9,8.9,15.7,5.93,28807838.0,23.885942,45.079162,3840.0,SAU,2021,91.00001,0.0,298.00003,583.00006,239.00002,178.00002,327.00003,49.000004,43.000004,1442.0001,3159.000268
Senegal,87.0,SN,46.1,196722.0,19000.0,34.52,10902.0,109.25,1.8,4.63,42.8,1.14,23578084052.0,81.0,12.8,31.8,67.7,315.0,44.2,0.07,16296364.0,45.7,16.3,44.8,6.6,7765706.0,14.497401,-14.452362,493.08,SEN,2021,16.999994,2.999999,159.99995,560.9998,126.999954,40.999985,136.99995,139.99995,68.99998,1535.9995,2773.999068
Serbia,100.0,RS,39.3,77474.0,32000.0,9.2,45221.0,144.0,1.8,1.49,31.1,1.16,51409167351.0,100.3,67.2,4.8,75.5,12.0,40.6,3.11,6944975.0,54.9,18.6,36.6,12.69,3907243.0,44.016521,21.005859,1120.04,SRB,2021,98.99999,130.99998,163.99998,397.99994,370.99994,382.99994,275.99997,81.99999,27.999996,1647.9998,3480.999536
Seychelles,214.0,SC,3.4,455.0,0.0,17.1,605.0,129.96,1.8,2.41,88.4,1.0356297291471168,1698843063.0,100.4,17.1,12.4,72.8,53.0,2.5,0.95,97625.0,63.314376719928305,34.1,30.1,6.918181936957019,55762.0,-4.679574,55.491977,1246.44,SYC,2021,171.97417,174.97371,257.96124,395.94052,403.9393,157.97626,226.9659,58.991135,44.99324,1291.8059,3013.547205
Sierra Leone,111.0,SL,54.7,71740.0,9000.0,33.41,1093.0,234.16,14.8,4.26,43.1,1.08,3941474311.0,112.8,2.0,78.5,54.3,1120.0,38.2,0.03,7813215.0,57.9,8.6,30.7,4.43,3319366.0,8.460555,-11.779889,249.1,SLE,2021,20.999994,4.9999986,47.999985,274.9999,104.99997,17.999994,83.99998,536.9999,73.99998,1168.9996,2314.9993076
Singapore,8358.0,SG,0.9,716.0,81000.0,8.8,37535.0,114.41,0.6,1.14,23.1,1.25,372062527489.0,100.6,84.8,2.3,83.1,8.0,36.7,2.29,5703569.0,70.5,13.1,21.0,4.11,5703569.0,1.352083,103.819836,5647.06,,2021,40.0,43.0,288.0,433.0,217.0,72.0,171.0,118.0,23.0,1498.0,2863.0
Slovakia,114.0,SK,39.2,49035.0,16000.0,10.6,32424.0,115.34,2.7,1.52,40.4,1.32,105422304976.0,98.7,46.6,4.6,77.2,5.0,18.4,3.42,5454073.0,59.5,18.7,49.7,5.56,2930419.0,48.669026,19.699024,2114.16,SVK,2021,77.999985,136.99998,278.99997,909.9999,281.99997,237.99997,143.99997,88.999985,12.999998,804.9999,2896.999643
Slovenia,103.0,SI,30.7,20273.0,7000.0,9.4,12633.0,111.05,1.6,1.6,62.0,1.32,53742159517.0,100.4,78.6,1.7,81.0,7.0,12.5,3.09,2087946.0,58.4,18.6,31.0,4.2,1144654.0,46.151241,14.995463,1934.46,SVN,2021,123.000114,112.0001,306.00027,521.0005,272.00024,339.0003,222.00021,90.000084,9.000009,1101.001,2972.002713
Solomon Islands,25.0,SB,3.9,28896.0,48180.32122253051,32.44,169.0,133.06,1.6,4.4,77.9,0.9637795855354944,1425074226.0,106.2,31.163250171690773,17.1,72.8,104.0,3.3,0.19,669823.0,83.8,29.5,32.0,0.58,162164.0,-9.64571,160.156194,644.89,SLB,2021,49.999645,12.9999075,160.99886,329.99765,157.99887,30.99978,56.999596,714.99493,74.999466,756.9946,2296.9836595
Somalia,25.0,SO,70.3,637657.0,20000.0,41.75,645.0,136.2045117538448,5.065023477295934,6.07,10.0,1.41,4720727278.0,23.4,2.5,76.6,57.1,829.0,34.74427826484109,0.02,15442905.0,47.4,0.0,40.196103910021435,11.35,7034861.0,5.152149,46.199616,392.16,,2021,20.0,31.0,128.0,270.0,73.0,78.0,131.0,282.0,140.0,1138.0,2271.0
South Africa,49.0,ZA,79.8,1219090.0,80000.0,20.51,476644.0,158.93,4.1,2.41,7.6,0.92,351431649241.0,100.9,22.4,28.5,63.9,119.0,7.7,0.91,58558270.0,56.0,27.5,29.2,28.18,39149717.0,-30.559482,22.937506,1441.44,ZAF,2021,43.999996,161.99998,308.99997,479.99997,336.99997,118.99999,71.99999,69.99999,14.999998,1167.9999,2731.999758
South Korea,527.0,KR,17.4,99720.0,634000.0,6.4,620302.0,115.16,0.4,0.98,63.4,1.22,2029000000000.0,98.1,94.3,2.7,82.6,11.0,36.8,2.36,51709098.0,63.0,15.6,33.2,4.15,42106719.0,35.907757,127.766922,2593.42,KOR,2021,71.00001,136.00002,461.00003,825.00006,438.00003,101.00001,234.00003,39.000004,13.000001,1080.0001,3327.000285
South Sudan,18.0,SS,38.49762179599127,644329.0,185000.0,35.01,1727.0,707.308791321209,187.9,4.7,11.3,0.28,11997800751.0,73.0,-15.899147029012656,63.7,57.6,1150.0,61.3,-0.22166874405939363,11062113.0,72.4,14.892059967638362,31.4,12.24,2201250.0,6.8769919,31.3069788,130.0,SSD,2021,22.99998,4.999996,83.99993,485.9996,106.999916,415.99966,89.99993,416.99966,53.999958,731.99945,2390.9981
Spain,94.0,ES,52.6,505370.0,196000.0,7.9,244002.0,110.96,0.7,1.26,36.9,1.26,1394116310769.0,102.7,88.9,2.5,83.3,4.0,24.2,3.87,47076781.0,57.5,14.2,47.0,13.96,37927409.0,40.463667,-3.74922,2579.28,ESP,2021,36.999996,153.0,301.0,929.99994,480.99997,358.0,220.0,104.99999,39.0,767.99994,3354.99984
Sri Lanka,341.0,LK,43.7,65610.0,317000.0,15.83,23362.0,155.53,3.5,2.2,32.9,0.88,84008783756.0,100.2,19.6,6.4,76.8,36.0,38.4,1.0,21803000.0,53.9,11.9,55.2,4.2,4052088.0,7.873054,80.771797,249.68,LKA,2021,64.00001,7.0000005,276.00003,290.00003,116.000015,100.00001,155.00002,48.000004,108.00001,1698.0001,2798.0002195
Sudan,25.0,SD,28.7,1861484.0,124000.0,32.18,20000.0,283.2159818163318,51.0,4.41,8.1,0.95,18902284476.0,76.8,16.9,42.1,65.1,295.0,63.2,0.26,42813238.0,48.4,8.0,45.4,16.53,14957233.0,12.862807,30.217636,67.61,SDN,2021,16.999998,0.0,348.99997,412.99997,100.99999,187.99998,190.99997,40.999996,109.999985,1213.9999,2606.999761
Suriname,4.0,SR,0.6,163820.0,2000.0,18.54,1738.0,294.66,22.0,2.42,98.3,1.29,3985250737.0,108.8,12.6,16.9,71.6,120.0,10.1,1.21,581372.0,51.1,19.5,27.9,7.33,384258.0,3.919305,-56.027783,122.18,SUR,2021,69.00011,86.00014,460.00073,385.0006,294.0005,91.000145,137.00021,54.000088,22.000036,1035.0017,2564.004149
Sweden,25.0,SE,7.4,450295.0,30000.0,11.4,43252.0,110.51,1.8,1.76,68.9,1.42,530832908738.0,126.6,67.0,2.2,82.5,4.0,15.2,3.98,10285453.0,64.6,27.9,49.1,6.48,9021165.0,60.128161,18.643501,3568.16,SWE,2021,83.00004,164.00008,346.00015,702.0003,351.00015,474.0002,168.00006,103.000046,13.000006,865.00037,3186.001362
Switzerland,219.0,CH,38.4,41277.0,21000.0,10.0,34477.0,99.55,0.4,1.52,31.8,1.45,703082435360.0,105.2,59.6,3.7,83.6,5.0,28.3,4.3,8574832.0,68.3,10.1,28.8,4.58,6332428.0,46.818188,8.227512,9836.07,CHE,2021,79.00001,149.00002,429.00006,800.0001,353.00003,548.00006,203.00003,72.00001,15.000002,754.0001,3323.000412
Syria,95.0,SY,75.8,185180.0,239000.0,23.69,28830.0,143.2,36.7,2.81,2.7,0.83,40405006007.0,81.7,40.1,14.0,71.8,31.0,53.7,1.22,17070135.0,44.1,14.2,42.7,8.37,9358019.0,34.802075,38.996815,10.12,SYR,2021,38.000004,1.0000001,172.00003,380.00006,95.000015,187.00003,194.00003,44.000008,91.000015,1262.0002,2426.0003881000002
Tajikistan,68.0,TJ,34.1,144100.0,17000.0,30.76,5310.0,148.57,6.0,3.59,3.0,0.71,8116626794.0,100.9,31.3,30.4,70.9,17.0,63.1,1.7,9321018.0,42.0,9.8,67.3,11.02,2545477.0,38.861034,71.276093,959.78,TJK,2021,63.999878,5.9999886,204.99962,370.99927,179.99966,209.9996,260.9995,72.99986,41.99992,1358.9974,2706.9948185999997
Tanzania,67.0,TZ,44.8,947300.0,28000.0,36.7,11973.0,187.43,3.5,4.89,51.6,0.87,63177068175.0,94.2,4.0,37.6,65.0,524.0,26.1,0.01,58005463.0,83.4,11.5,43.8,1.98,20011885.0,-6.369028,34.888822,457.77,TZA,2021,7.999999,56.999996,116.99999,386.99997,75.99999,86.99999,135.99998,361.99997,157.99998,991.99994,2371.9998060000003
Thailand,137.0,TH,43.3,513120.0,455000.0,10.34,283763.0,113.27,0.7,1.53,32.2,0.71,543649976166.0,99.8,49.3,7.8,76.9,37.0,11.8,0.81,69625582.0,67.3,14.9,29.5,0.75,35294600.0,15.870032,100.992541,2432.28,THA,2021,69.0,132.0,483.99997,339.0,200.0,94.0,127.0,33.0,25.0,1353.0,2786.99997
East Timor,89.0,TL,25.6,14874.0,2000.0,29.42,495.0,145.38,2.6,4.02,45.4,1.1,1673540300.0,115.3,17.8,39.3,69.3,142.0,10.2,0.72,3500000.0,67.3,25.0,17.3,4.55,400182.0,-8.874217,125.727539,2030.0,TLS,2021,43.999866,1.9999938,150.99954,319.99902,92.99971,33.999893,51.99984,82.99975,61.99981,1356.9958,2153.9933567999997
Togo,152.0,TG,70.2,56785.0,10000.0,33.11,3000.0,113.3,0.7,4.32,3.1,0.71,5459979417.0,123.8,14.5,47.4,60.8,396.0,51.0,0.08,8082366.0,77.6,16.9,48.2,2.04,3414638.0,8.619543,0.824782,787.96,TGO,2021,25.000004,27.000004,125.000015,352.00003,62.000008,16.000002,33.000004,526.00006,89.00001,1277.0001,2507.0002329999998
Tonga,147.0,TO,45.8,747.0,45969.44726379081,24.3,128.0,121.09,7.4,3.56,12.5,0.97422809537144,450353314.0,116.3,6.4,13.4,70.8,52.0,10.2,0.52,100209.0,59.8,22.3,27.5,1.12,24145.0,-21.178986,-175.198242,668.09,,2021,87.0,141.0,355.0,661.0,412.0,263.0,226.0,195.0,54.0,694.0,3001.0
Trinidad and Tobago,273.0,TT,10.5,5128.0,4000.0,12.94,43868.0,141.75,1.0,1.73,46.0,0.54,24100202834.0,106.2,12.0,16.4,73.4,67.0,37.3,4.17,1394973.0,60.0,19.5,40.5,2.69,741944.0,10.691803,-61.222503,1258.11,TTO,2021,48.99965,78.999435,429.99692,553.99603,271.99805,169.99878,119.99914,76.99944,67.99951,1118.992,2888.979305
Tunisia,76.0,TN,64.8,163610.0,48000.0,17.56,29937.0,155.33,6.7,2.2,6.8,0.73,38797709924.0,115.4,31.7,14.6,76.5,43.0,39.8,1.3,11694719.0,46.1,21.1,60.7,16.02,8099061.0,33.886917,9.537499,1088.33,TUN,2021,51.000004,26.000002,352.00003,592.00006,146.00002,229.00002,386.00003,51.000004,68.00001,1571.0001,3421.0002759999998
Turkey,110.0,TR,49.8,783562.0,512000.0,16.03,372725.0,234.44,15.2,2.07,15.4,1.42,754411708203.0,93.2,23.9,9.1,77.4,17.0,16.9,1.85,83429615.0,52.8,17.9,42.3,13.49,63097818.0,38.963745,35.243322,254.1,TUR,2021,73.99999,31.999996,261.99997,784.99994,212.99997,465.99994,351.99997,82.99999,106.999985,1452.9999,3752.999661
Turkmenistan,13.0,TM,72.0,488100.0,42000.0,23.83,70630.0,143.38834831788114,5.62106663261704,2.79,8.8,0.29,40761142857.0,88.4,8.0,39.3,68.1,7.0,71.1,2.22,5942089.0,64.5,17.158781032608047,38.693409508851765,3.91,3092738.0,38.969719,59.556278,1342.86,TKM,2021,53.0,21.0,194.0,301.0,309.0,297.0,175.0,101.0,29.0,1367.0,2794.0
Tuvalu,393.0,TV,60.0,26.0,45745.82082813988,20.25948271510629,11.0,172.69444906453123,9.336586630423248,2.791362204387689,33.3,0.9224625106407988,47271463.0,86.0,26.652825370877768,20.6,67.1,144.53711666047616,0.7,0.92,11646.0,62.623440099268436,16.135561202680666,41.52220553750621,7.141832482193912,7362.0,-7.109535,177.64933,292.0,,2021,87.0,141.0,355.0,661.0,412.0,263.0,226.0,195.0,54.0,694.0,3001.0
Uganda,229.0,UG,71.9,241038.0,46000.0,38.14,5680.0,173.87,2.9,4.96,9.7,0.94,34387229486.0,102.7,4.8,33.8,63.0,375.0,40.5,0.17,44269594.0,70.3,11.7,33.7,1.84,10784516.0,1.373333,32.290275,645.21,UGA,2021,7.0,71.0,117.0,349.0,81.0,63.0,395.0,268.0,122.0,649.0,2115.0
Ukraine,75.0,UA,71.7,603550.0,297000.0,8.7,202250.0,281.66,7.9,1.3,16.7,0.83,153781069118.0,99.0,82.7,7.5,71.6,19.0,47.8,2.99,44385155.0,54.2,20.1,45.2,8.88,30835699.0,48.379433,31.16558,530.73,UKR,2021,40.0,104.99999,333.99997,391.0,239.99998,334.0,218.0,228.99998,28.999998,1018.99994,2898.999858
United Arab Emirates,118.0,AE,5.5,83600.0,63000.0,10.33,206324.0,114.52,-1.9,1.41,4.6,0.49,421142267938.0,108.4,36.8,6.5,77.8,3.0,17.8,2.53,9770529.0,82.1,0.1,15.9,2.35,8479744.0,23.424076,53.847818,3324.25,ARE,2021,89.000015,0.0,150.00002,840.0001,387.00006,197.00003,300.00006,55.000008,147.00002,1121.0001,3197.000398
United Kingdom,281.0,GB,71.7,243610.0,148000.0,11.0,379025.0,119.62,1.7,1.68,13.1,1.46,2827113184696.0,101.2,60.0,3.6,81.3,7.0,14.8,2.81,66834405.0,62.8,25.5,30.6,3.85,55908316.0,55.378051,-3.435973,6300.0,GBR,2021,136.0,138.0,325.0,628.0,408.0,393.0,197.0,117.0,14.0,1006.0,3226.0
United States,36.0,US,44.4,9833517.0,1359000.0,11.6,5006302.0,117.24,7.5,1.73,33.9,0.71,21427700000000.0,101.8,88.2,5.6,78.5,19.0,11.1,2.61,328239523.0,62.0,9.6,36.6,14.7,270663028.0,37.09024,-95.712891,6966.0,USA,2021,38.0,146.0,603.0,966.0,538.0,458.0,221.0,95.0,29.0,818.0,3874.0
Uruguay,20.0,UY,82.6,176215.0,22000.0,13.86,6766.0,202.92,7.9,1.97,10.7,1.5,56045912952.0,108.5,63.1,6.4,77.8,17.0,16.2,5.05,3461734.0,64.0,20.1,41.8,8.73,3303394.0,-32.522779,-55.765835,773.64,URY,2021,68.9999,116.99983,443.99936,519.9992,303.99954,421.9994,161.99976,113.99983,29.999956,1101.9984,3214.995276
Uzbekistan,79.0,UZ,62.9,447400.0,68000.0,23.3,91811.0,165.80537471655305,5.556712966709448,2.42,7.5,1.03,57921286440.0,104.2,10.1,19.1,71.6,29.0,42.7,2.37,33580650.0,65.1,14.8,31.6,5.92,16935729.0,41.377491,64.585262,97.25,UZB,2021,38.999996,27.999998,194.99998,422.99997,232.99998,500.99997,356.99997,160.99998,8.999999,1319.9999,3226.999747
Vanuatu,25.0,VU,15.3,12189.0,46797.32247270909,29.6,147.0,117.13,2.8,3.78,36.1,1.31,917058851.0,109.3,4.7,22.3,70.3,72.0,8.9,0.17,299882.0,69.9,17.8,8.5,4.39,76152.0,-15.376706,166.959158,750.74,VUT,2021,38.999268,14.999719,146.99724,790.98517,272.99487,60.998856,154.99709,364.99316,0.0,970.9818,2777.947905
Venezuela,32.0,VE,24.5,912050.0,343000.0,17.88,164175.0,883.0842789264102,254.9,2.27,52.7,0.0,482359318768.0,97.2,79.3,21.4,72.1,125.0,45.8,1.92,28515829.0,59.7,17.96843356912608,73.3,8.8,25162368.0,6.42375,-66.58973,3282.02,VEN,2021,29.000008,26.000006,287.00006,443.0001,162.00003,156.00003,159.00003,70.000015,90.00002,887.00024,2280.000531
Vietnam,314.0,VN,39.3,331210.0,522000.0,16.75,192668.0,163.52,2.8,2.05,48.1,0.8,261921244843.0,110.6,28.5,16.5,75.3,43.0,43.5,0.82,96462106.0,77.4,19.1,37.6,2.01,35332140.0,14.058324,108.277199,612.57,VNM,2021,48.000004,76.00001,262.00003,274.00003,344.00003,73.00001,246.00003,51.000004,28.000002,1645.0001,2999.0002459999996
Yemen,56.0,YE,44.6,527968.0,40000.0,30.45,10609.0,157.58,8.1,3.79,1.0,0.92,26914402224.0,93.6,10.2,42.9,66.1,164.0,81.0,0.31,29161922.0,38.0,15.539172640090966,26.6,12.91,10869523.0,15.552727,48.516388,120.98,YEM,2021,99.99999,0.0,228.99997,219.99998,79.99999,51.999996,77.99999,10.999999,45.999996,1358.9999,2074.999821
Zambia,25.0,ZM,32.1,752618.0,16000.0,36.19,5141.0,212.31,9.2,4.63,65.2,1.4,23064722446.0,98.7,4.1,40.4,63.5,213.0,27.5,1.19,17861030.0,74.6,16.2,15.6,11.43,7871713.0,-13.133897,27.849332,0.26133504,ZMB,2021,12.0,39.999996,146.99998,290.99997,115.99999,18.999998,26.999996,596.99994,13.999999,956.99994,2207.999809
Zimbabwe,38.0,ZW,41.9,390757.0,51000.0,30.68,10983.0,105.51,0.9,3.62,35.5,1.34,21440758800.0,109.9,10.0,33.9,61.2,458.0,25.8,0.21,14645468.0,83.1,20.7,31.6,4.95,4717305.0,-19.015438,29.154857,555.40204,ZWE,2021,32.99999,49.999985,198.99994,373.9999,294.9999,51.999985,32.99999,64.99998,26.99999,919.9997,2014.99937
